product_id,product_name,aisle_id,department_id
40004,Garden Veggie Straws Lightly Salted,107,19
8947,"Cups, Midnight Blue, 16 oz",111,17
738,Almond Breeze Unsweetened Almond Coconut Milk Blend,91,16
2817,Liqui-Kelp Daily Iodine,47,11
16077,"Containers + Lids, Mini Deep Squares, Cups",85,17
18497,Sunflower Seeds Variety Pack,117,19
36271,Unsweet Lime Water,115,7
27349,Red Zone Swagger Body Wash,127,11
1595,Tradtional Hot Chocolate Mix,90,7
27471,Parmesan Garlic Pita Chips,107,19
34084,"Potassium Gluconate 550 mg, Tablets",47,11
15007,Originale Extra Virgin Olive Oil,19,13
44439,Organic Supersweet Cut Corn,116,1
34262,Hint Of Sea Salt Almond Nut Thins,78,19
24694,Light Butter Popcorn,23,19
3861,Fresh Mushroom  Pasta Sauce,9,9
16409,Purity Cold Pressed Juice,98,7
31909,Dry Spicy Salami Robusto,96,20
19154,Coconut Fruit Bars,37,1
9862,Cold Pressed Fuji Apple Juice,31,7
32121,Intense Stain Whitening Toothpaste With Fluoride,20,11
12936,Light Recipe Vanilla Bean,37,1
45501,Milk Chocolate English Toffee Bars Snack Size,45,19
38710,"Moscato, Red, California",28,5
34978,Bar Harbor Blend,117,19
11847,Dual Action Freeze Therapy Plus Fast Acting Liquid,118,11
44797,Regular Antiperspirant/Deodorant,80,11
15988,Black Bean Fiesta Crackers,78,19
28161,Complete Crest Complete Whitening + Deep Clean Effervescent Mint Toothpaste 5.8oz Dentifrice,20,11
46859,Clip-on Toothbrush Protector,20,11
38317,Mini Easter Candy Cane,100,21
49437,"Asian Sauces, Gourmet, Thai Peanut",66,6
19301,Black Cherry Greek Style Yogurt,120,16
48547,Dailyfoods Vitamin D-3 2000 IU 100% Whole Food,47,11
13444,Hot Chili Flavor Ramen Noodle Soup,4,9
35508,Turmeric Curcumin Capsules,47,11
30894,Supreme Peanut Butter Brownie Mix,105,13
9534,Organic White Bread Done Right,112,3
28728,Organic Falafel,129,1
35031,2 Alarm Chili Kit,69,15
15292,Made Vitamin D3 1000 I.U,47,11
19482,Organic Gluten Free Brown Rice Spaghetti,131,9
31285,"Coconut Water, Pulp, Real",98,7
30802,Mint Whitening Gel Toothpaste,20,11
15529,Organic Bunched Greens Juice,98,7
24861,Low-Moisture Part-Skim Mozzarella String Cheese Family Size,21,16
45350,Special K Heavenly Caramel Brownies,121,14
44982,Coconut Bliss Pineapple Coconut,37,1
23467,Platinum Premium Lubricant,6,2
7812,Salisbury Steak Home Style Meals,38,1
26384,Large Brown Eggs,86,16
15867,Beef Pasta Meal,4,9
986,Crushed Pineapple in 100% Juice,99,15
8575,Unprocessed American Singles Colby-Style Cheese,21,16
20125,Lemon Verbena Dryer Sheets,75,17
37522,Handcrafted French Pot Ice Cream Toffee Chocolate Chip,37,1
2459,Quinoa and Banana Organic Baby Cereal,92,18
2130,Wasabi Peas,50,19
13112,Organic Vegetarian Pho Soup Starter,69,15
4590,Fentimans Curosity Cola,77,7
3608,Brie & Raspberry Bake & Serve Fillo Rolls,129,1
26927,White & Dark Chunk Chicken,95,15
29612,Chicken Breast Strips,38,1
44379,Broccoli Spears Steamers Plain,116,1
2350,60% Cacao Bittersweet Premium Baking Chips,17,13
47322,Unsalted Peanuts,117,19
25803,81 Proof Kentucky Straight Bourbon Whiskey,124,5
35848,Soft Foam Ear Plugs,44,11
5921,"Deodorant, Liquid Rock, Sport, Tube",80,11
12278,Curate Nutrition Bar Irresistible Dark Chocolate Strawberries & Pistachios,3,19
29344,Milk Chocolate Covered Frozen Banana,37,1
9270,French Onion Dip Mix,51,13
12196,Chicken Quesadilla,13,20
27747,Regular Roll White,54,17
24461,72% Dark Chocolate Sea Salt Caramel Bar,45,19
18551,Organic Mint Chews,20,11
36655,XXtra Flamin' Hot Crunchy Cheese Flavored Snacks,107,19
17149,Gluten Free Chicken Breast Tenders,34,1
9554,Mocha Almond Fudge Minis Almond Milk Frozen Dessert,37,1
26988,Chop House T Bone Steak Flavor Dog Food,40,8
49311,Heartburn ReliefChews Assorted Fruit Chewable Tablets Antacid,70,11
26572,Pizzeria! Thin Margherita Pizza,79,1
9900,Flatbread Pockets Whole Wheat,128,3
47249,Seriousmilk Classic 39% Milk Chocolate Bar,45,19
7702,Macaroni & Mild Cheddar Cheese,4,9
33964,Raw Protein Packet Chocolate,65,11
45841,Triple Cream Cheese,2,16
48089,Smoked Lox Style Wild Sockeye Salmon,39,12
39135,Merlot Napa Valley,28,5
22403,Brick Oven Crust Meat Trio Pizza,79,1
26051,Dulce De Leche Sauce,103,19
48850,Graduates Finger Foods Apple Harvest Wagon Wheels,92,18
14085,Epic Fruit & Yogurt Filled Pouches,50,19
33384,Black Bean Burgers,42,1
48608,Power Gel Unscented Deodorant,80,11
40768,Organic Pink Salt and Black Pepper Travel Set,104,13
20687,100% Pure Cocoa Butter,25,11
11877,Mach3 Sensitive Shave Gel,55,11
3882,Beef Chili with Beans,59,15
13930,Organic Gen Mai Cha Tea Sachets,94,7
2754,Sweet Potato and Roasted Onion Brown Rice and Wheat Crackers,78,19
27156,Organic Black Beans,59,15
11203,"Cottage Doubles Peach, 2% Milkfat Lowfat Cottage Cheese & Peach Topping",108,16
45723,Harvest Snaps Wasabi Ranch,107,19
29751,"Golden Brown Mild Pork Sausage Links, Fully-Cooked",34,1
23279,Gluten Free Blondies,8,3
41949,Heritage O's Multigrain Cereal,121,14
28745,Oven Roasted Turkey,96,20
28546,Hello Kitty Fruit Flavored Snacks,50,19
28536,Sharp Cheddar Natural Cheese,21,16
9647,Beef Flavor Top Ramen,66,6
39427,Apples + Strawberries Organic Nibbly Fingers,92,18
4457,Double Chocolate Happiness Cookies,61,19
1679,Ultra Thin Crust Cheese Supreme Pizza,79,1
14027,Smoothing Sea Kelp Conditioner,22,11
43316,Ultra Pure Drinking Water,115,7
7350,Natural Lime Flavor Sparkling Mineral Water,115,7
29084,Honey Mustard Nut-Thins Cracker,78,19
45429,Beef & Cheese Mini Tacos,129,1
7471,"Pickles, Okra, Crisp, Hot",110,13
12045,Lengthening Mascara - Graphite,132,11
49267,Vegetable Broth Low Sodium,69,15
19955,Traditional 98% Fat Free Refried Beans,59,15
13455,Thai Spicy Mochi Rice Cracker,66,6
32815,Loose Fair Trade Yerba Mate Tea,94,7
33805,Oven Ware Pans & Lids,85,17
21751,Beyond Natural Cat Food Salmon & Whole Brown Rice Recipe,41,8
40826,Manhattan Style Whole Kosher Pickles,110,13
46503,Organic Sour Pops Variety Pack Vitamin C Lollipops,45,19
8663,Old Fashioned Crunchy Peanut Butter,88,13
13668,Powersmile Peppermint Toothpaste,20,11
31876,Fresh Scent Speed Stick Deodorant,80,11
29404,Sharp Extra Light Cheddar Cheese,21,16
20255,Tomato Purée,81,15
9604,Hibiscus Organic Raw Kombucha,31,7
5310,Omega Zyme Digestive Enzyme Blend,70,11
8199,Ranch Blasted Pepperoni Pizza Rolls,129,1
1400,Banana Pudding,8,3
49173,Natural Odor Eliminating Air Freshener Spray Tropical Citrus Blend,101,17
20222,Xylitol Cinnamon Toothpaste Without Fluoride,20,11
32426,1 Step Kashmir Spinach Indian Cuisine,76,6
17076,Ceramic Neti Pot,11,11
33893,Kid's Relief Cough & Cold,11,11
20236,Berry Blast Cherry Berry Flavored Candies,45,19
18855,Great Grains Crunchy Pecans Cereal,121,14
15641,Salsa Restaurant Style Medium,67,20
11660,Tribal Pastel Size 3 Diapers,100,21
34226,Creamy Garlic Alfredo Sauce Mix,9,9
22402,Minute Multi-Grain Medley Microwaveable Rice Bags 4 ct,4,9
22895,Quantum 9 V,87,17
27565,White Corn Tortillas Super Size,128,3
14411,Proxabrush Go Betweens Tight Cleaners,20,11
46603,Chicken Legs,112,3
32886,Powder Antiperspirant Deodorant,80,11
28858,Milano Salted Caramel Chocolate Cookies,61,19
23520,Dark Chocolate Nutrition Shake,65,11
45281,Marsala,134,5
7794,Greek 100 Calories Apple Pie Fat Free Yogurt,120,16
21476,Triple Hot Salsa,30,6
49610,100% Lactose Free Fat Free Milk,91,16
42818,ProActive Health Indoor Weight & Hairball Care with Chicken Cat Food,41,8
15071,Imperial Stout,27,5
33663,Radish Coins,123,4
37808,9 Sea Salt Caramels,45,19
31751,French Style Cut Green Beans,116,1
48090,Vanilla Ice Cream with Milk Chocolate,37,1
18576,Natural Chicken Breast in Water,95,15
35994,Turkey Wings,35,12
19066,Organic Wheat Bran,68,10
40751,Onion Chips Sea Salt,107,19
20796,Pepperoni Bagel Bites,129,1
4468,Spicy Honey Bbq,5,13
46570,Country Style Medium Pulp Orange Juice,31,7
33117,All Natural Gluten Free Dijon Mustard,72,13
45833,Dusk After Shave Balm,55,11
5141,Organic Iced Black Tea,94,7
25876,Strawberry Yogurt Protein Drink with a Crunchy Shot,120,16
27236,Jubilee Rice,63,9
7995,Crunchy Organic Oats & Honey Granola Bars,48,14
26733,Keratin Infusion Smoothing Shampoo,22,11
23666,Chocolate And Snicker Doodle Salted Chocolate Ice Cream Sandwich,37,1
36746,Authentic French Brioche Rolls,43,3
23346,Prosciutto & Mozzarella Roll,21,16
45390,Yellow Cling Peach Chunks,99,15
20039,Sea Salt & Pepper Popcorn,23,19
19012,Marketplace Spicy Mexican Black Beans and Rice,38,1
39380,Variety Pack Sandwich Crackers,78,19
45306,Rooibos Chai Caffeine Free Herbal Tea,94,7
8000,Sport Pre-Workout Energizer Lemon Lime Dietary Supplement,65,11
47993,Cherry Garcia Ice Cream,37,1
30335,Smoky Gourmet Barbeque Sauce,5,13
4217,Dutch Cocoa Flavor Crunchy Nuggets,45,19
44158,Pecan Swirls,61,19
29118,French Vanilla Soy Creamer,91,16
42668,Graduates Grabbers Apple Mango & Strawberry Baby Food,92,18
6034,Italian Peeled Tomatoes With Basil,81,15
2167,Salt & Pepper Salmon Bar,3,19
1977,Macrobar with Granola And Coconut,3,19
9425,Imported Beer,27,5
10135,Organic Spicy Falafel Chips,107,19
15870,Steamfresh Whole Green Beans,100,21
9548,Organic Mexicana Mild Salsa,51,13
15009,Italian Dressing & Marinade,89,13
9958,Honey Smoked Turkey Breast,96,20
40112,Macadamia Nut Oil,19,13
40356,Sweet & Spicy Dip Cooking Sauce,72,13
1084,Light Ice Cream Vanilla,37,1
10928,Vanilla Bean Paste,17,13
1700,White Cheddar Popcorn,23,19
7671,Organic Yogurt Baby Food,92,18
39741,Dentastix Fresh Toy/Small Dog Care & Treats,40,8
30512,Lemon Dishwasher Detergent + Clorox Stain Fighting,74,17
49473,Sliced Stewed Tomatoes With Onion Celery & Bell Pepper,81,15
24197,Teriyaki Sauce,66,6
31840,Liquid Smoke Hickory Concentrated Seasoning,5,13
46702,Heavy Duty Aluminum Foil 50 Sq. Ft.,85,17
17448,Apollo Shampoo + Conditioner,22,11
34654,Teriyaki Stir Fry Kit,13,20
27773,Active Greens Food Bar,3,19
48329,"Dietary Supplement, Digest Gold, Capsules, Bottle",70,11
15719,Organic Broccoli And Carrots,123,4
17940,Boy Oh Boy's Boysenberry Jam,88,13
11681,Chocolate Brownie Protein Bar Box,3,19
2582,Soda Ginger Ale,77,7
45382,Pork Baby Back Ribs,122,12
47520,Gluten Free Blueberry Breakfast Bars,48,14
32529,Tellicherry Black Peppercorn,104,13
7459,Just Ranch Salad Dressing,72,13
17397,Orange Mango Chicken,38,1
34856,Original Plain Wafers Crackers,78,19
43578,Madagascar Pink Rice,68,10
33904,Garden In A Can Basil 1 Each,100,21
26534,Lactose-Free Calcium Enriched 1% Low Fat Milk,91,16
44770,Olio Italian Extra Virgin Olive Oil,19,13
48370,Sensitive Toilet Paper,54,17
45967,Licorice Candy,45,19
9006,Naturе's Calorie-Free Sweetener,17,13
37569,Wheat Thins Spicy Buffalo Crackers,78,19
22485,Solid Light Yellowfin Tuna in Extra Virgin Olive Oil,95,15
41308,Raw Vegan Protein Chocolate,65,11
49391,Light and Fluffy Buttermilk Pancake Mix,130,14
167,Sparkling Blush Grape Juice,77,7
32348,Drews Buttermilk Ranch Dressing,89,13
18233,Honey 7 Grain Bread,112,3
21319,Garlic & Butter Focaccia Croutons,89,13
39703,Mexican-Style Chicken & Vegetables,38,1
48819,Loaded Baked Mashed Potatoes,4,9
38177,Gluten-Free Seeded Cinnamon-Raisin Bread,112,3
42371,Zinger Babies,110,13
13753,Warehouse Direct Styrofoam 28 Qt Ice Chest Disposable Cooler,85,17
25294,Long Grain Arborio,63,9
22469,Nacho Cheese Flavored Tortilla Chips,107,19
25383,Chocolate Go Bites,61,19
18239,One Size Flexible Fabric with Memory Weave Adhesive Bandages,118,11
1960,Nonfat Light & Fit Blueberry Yogurt,120,16
20604,& Go! Hazelnut Spread + Pretzel Sticks,88,13
34641,Organic Bowls Hot Cereal Steel-Cut Oats,52,1
18089,Giddy Up & Go Granola,57,14
32080,Refill Infant Milk-Based with Iron 16.6 oz Pouches Infant Formula Powder,92,18
48785,"Power Blend Superfood Brussels Sprouts, Napa Cabbage, Kohlrabi, Broccoli, Carrots & Kale",123,4
45105,Protein Pleasure Peanut Butter Chocolate Chip Macrobar,3,19
28563,Melatonin 1 mg Tablets,6,2
5766,Honey & Oat Blenders,121,14
16202,Canola Spray Oil With Butter Flavor,19,13
31878,Package Kiwi,123,4
24260,"Frozen Fruit & Vegetable Pops, Galaxy Green",37,1
20516,Maximum Strength Laxative,70,11
46695,Cashew Fig Carrot Energy Bar,3,19
46488,Oil-Free Stress Control Power-Cream Wash,73,11
11512,Honey Yoghurt,120,16
13401,Valerian Extract,47,11
6871,Smoked Gouda,2,16
21717,Unsweetened Iced Tea Mix,90,7
16359,Medium Pearled Barley,63,9
3479,Classic Whipped Cream,53,16
20032,Soft White 50/100/150 Watts 3 Way Light Bulb,87,17
19896,The Orange Edition Tangerine Energy Drink,64,7
38624,Coconut Cashew Flavor Protein Bar,3,19
30577,Lifewater 0 Cal Black and Blue Berry Vitamin Enriched Water,64,7
6290,Cranberry Almond Breakfast Bars,48,14
42197,Authentic Liver Sausage Braunschweiger,106,12
10312,Zen Tea,94,7
49029,Bamba,33,6
37705,Carrot Kombucha,31,7
42229,Meat Magic Seasoning Blend,104,13
48176,Italian Garlic Paste,81,15
22007,Minced Ginger,81,15
17927,Marshmallow Madness Hot Chocolate Mix,90,7
1102,Prepare And Serve Mashed Potatoes,4,9
40116,Gluten Free Sharp Cheddar Quinoa Supergrain Mac & Cheese,131,9
18226,Baby Bubble Bath,102,18
13744,H'aole Special Cocoa Spread,33,6
38195,Beef Flavour Stock Cube,69,15
16646,"Hashed Browns, Yukon Select",129,1
30325,2X Concentrated Clean Burst Laundry Detergent,75,17
19630,Deodorant with Oil of Sage,80,11
41173,Honey Oat Clusters Cereal,57,14
48706,Champagne Vinegar,19,13
24196,Special K Fudge Dipped Pretzels,45,19
18083,Mango Madness Juice,98,7
14238,BBQ Recipe Chicken with Bacon Hand-Tossed Style Crust Pizza,79,1
4391,Coffee Chocolate Chip Gelato,37,1
47510,Designer Paper Plates 7 In,111,17
37972,No Pulp Frozen Concentrated Orange Juice,113,1
36373,Gluten Free Chocolate Chip Pancake Mix,130,14
44136,Italian Zesty Fat Free Dressing,89,13
16242,Family Size Lightly Salted Potato Chips,107,19
21098,Pocky Cookies & Cream Covered Biscuit Sticks,61,19
46756,Poultry And Seafood Wet Cat Food Variety Pack,41,8
29386,Magic Eraser,114,17
3412,Original Thick & Smooth Hot Taco Sauce,72,13
16898,Organic Pickled Jalapeños,110,13
8020,Fiesta Size Rounds Restaurant Style Tortilla Chips,107,19
18963,Apple Cider Vinegar,19,13
27345,Cold Relief Multi-Symptom Children's Pellets,11,11
1974,Organic Yellow Mustard  Seed,104,13
41662,Quartered & Marinated Artichoke Hearts,81,15
1728,Organic Whole Wheat Stoneground Flakes Cereal,121,14
14035,Pediatric Fruit Flavor Electrolyte Solution,47,11
15131,Lemon with Electrolytes & Vitamins Water Beverage,64,7
44608,Stir Fry Mushrooms,123,4
39375,Mirin Rice Cooking Wine,72,13
6110,Maifun Brown Rice Noodles,66,6
10463,Sonic Energy Refreshed,64,7
42904,Big Bowl Round Containers + Lids,85,17
12472,White Creamy Frosting,97,13
47351,Hibiscus & Cardamom Natural Hand Wash,127,11
17825,Lowfat 1% Milk,84,16
45334,Chili Lime Hot Sauce,72,13
13400,"Corn Dogs, 100% Beef",38,1
5341,Cool Aloe Burn Relief Formula with Lidocaine HCl Pain Relieving Gel,118,11
36680,Vegan Split Pea Soup,69,15
339,Creamline Yogurt Wild Blueberry,120,16
34694,Fordhook Lima Beans,116,1
47605,Grilled Salmon & Shrimp Feast in Gravy Cat Food,41,8
45763,Mini Seedless Cucumbers,83,4
8858,Fiesta Ranch Dip Mix,89,13
28789,La Lechera Sweetened Condensed Milk,84,16
3736,Chicken Stew Dinner Canned Cat Food,41,8
660,Foldit Flatbreads Artisan Rosemary & Olive Oil,128,3
40869,Happy Hoppers Gummy Candy,100,21
32047,Original Apple 100% Juice,98,7
19815,Mini Organic Fillo Shells,58,1
12856,Core Original Fish And Fowl Cat Food,41,8
2871,White Chocolate Caramel Cappuccino,26,7
47038,Coffee Almond Crunch Bar,37,1
10813,Jumbo Ranch Sunflower Seeds,117,19
45968,Naked Meat Free Chik'n Cutlets,42,1
41264,Meal Starters Grillers Crumbles,34,1
19212,Cherry Almond Chocolate Bar,45,19
17876,Organic Thai Curry Tofu Nuggets,14,20
20557,Shiitake SprouTofu Veggie Burger,14,20
16345,Spinach & Kale,107,19
8786,Clasico Dark Roast Instant Coffee,26,7
39689,"Rondele Light Gourmet Spreadable Cheese, Garlic & Herbs",21,16
2085,Organic Grass Fed Whey Protein Unflavored,65,11
1913,Organic 100% Whole Wheat Chiocciole,131,9
28460,Original Whiskey,124,5
38922,Mini Malted Milk Candy,45,19
33414,Mixations Pineapple Pouch Apple,100,21
31625,Essence Tangerine,115,7
33260,Dry Protection Invisible Solid Sheer Powder Anti-Perspirant & Deodorant,80,11
9199,Original Corn Chips,107,19
16876,Garlic Mint Cheese,76,6
43639,Fresher Collection™ Timber™ with Mint Men's Anti-Perspirant & Deodorant,80,11
4828,Krave Double Chocolate Cereal,121,14
41779,Premium Plastic Wrap,85,17
15342,Dirty Mint Chip Ice Cream,37,1
35012,All Natural Mild Hummus,51,13
44345,Air Wick Scented Oil Refill American Samoa Sweet Coconut & Island Palms,101,17
26020,Ultra Strength Antacid Liquid Cherry,70,11
19179,Fiber Gummy Bears Supplement,70,11
29127,Dairy Free Unsweetened Coconut Milk,91,16
12002,Sesame Flatbreads,128,3
37671,Blueberry with Whole Grains Yogurt Blends,92,18
27578,Sweet Potato Skinny Stick Snacks,107,19
39934,Green Apple Soda,77,7
41436,Montreal Chicken Seasoning,104,13
29871,Organic Roast Beef,96,20
36904,Organic Castor Oil Skin Care,25,11
10451,Traditional Olive Tapenade,51,13
19639,Spaghetti & Meatballs,13,20
35596,Chantilly Creme,53,16
16485,Lasagna With Meat Sauce,38,1
10284,Licorice Liquid Herbal Extract,47,11
13979,Beautiful Earth Long Lasting Women's Deodorant,80,11
41830,"Pasta Sauce, Organic, Premium, Tomato Basil",9,9
16137,Spicy Chili Seasoning,104,13
3335,Organic Dark Chocolate,45,19
35130,French Chocolate Fat Free Ice Cream,37,1
20374,Spray And Foam Cleaner,114,17
1512,Berry Flavor Children's Ibuprofen,11,11
29697,Fresh Cut Brussels Sprouts,123,4
7777,Whole Wheat Shells & Extra Cheesy Cheddar Sauce Creamy Deluxe Mac & Cheese,4,9
30145,Maraschino Cherries with Stems,99,15
14181,Gluten Free Mint Slims Cookies,61,19
39569,80% Dark Stone Ground Chocolate,45,19
17288,Naturally Flavored Blueberry Watermelon Zero Calorie Sparkling Water,115,7
155,Artisan Ciabatta,58,1
33901,Cranberry Raspberry Plus 100% Juice,98,7
23096,White Honey Smoked 95% Fat Free Turkey,96,20
32811,Organic Dark Chocolate With Mint & Nibs 72% Cacao,45,19
8707,Cheddar & Sour Cream Potato Chips,107,19
44501,100% Whole Grain Whole Wheat Flour,17,13
34025,"The O.G., Black Tea Brew Kombucha",31,7
14378,Finocchiona Salami,96,20
34192,Hairspray,22,11
46820,Vanilla Pure Almond Milk,91,16
19486,"Coffee, Ground, Decaffeinated, Espresso, Medium",26,7
28044,"Water, Natural Spring",115,7
16992,Purple Asparagus,100,21
19020,Condensed Soup Tomato Bisque,69,15
15636,Organic Cotton Ultra Pads Long,126,11
17160,Smooth & Creamy Organic Lowfat French Vanilla Yogurt,120,16
47506,2x Ultra Active Stainfighter Formula Liquid Laundry Detergent,75,17
43145,Pinto Beans with Jalapeno Peppers,59,15
47824,Natural Big Slice Mild Cheddar Slices,21,16
19188,Tortillas Southwestern Ranch Tortilla Crisps,107,19
40845,Organic Switchel America's Original Thirst Quencher,77,7
26858,"Crackers, Toasted Sesame",78,19
44703,Minis Coconut Milk Non Dairy Frozen Dessert Fudge Bars,37,1
16803,Antiperspirant Deodorant Cool Essentials Fresh Scent,80,11
22611,Pepino Melon,24,4
2571,Advanced Repair Fragrance Free Lotion,127,11
37676,Spinach Fettuccine Pasta,131,9
4658,Imported Mineral Water,115,7
8165,English Toffee Chocolate Candies,45,19
6215,Cheese & Garlic Italian Dressing,89,13
24382,Ranch Dressing,89,13
8864,Premium Sparkling Lemon Cocktail Mixer,115,7
36123,Lamb Shoulder Chops,122,12
4476,Walnut Halves And Pieces,117,19
19544,All Natural Virgin Limeade,31,7
45943,Cheesy Burger Macaroni,59,15
24291,Neosporin 24 Hour Infection Protection First Aid Antibiotic Ointment,118,11
6803,Rose Lemonade,98,7
4213,"Delights Turkey Sausage, Egg Whites, & Cheese English Muffin",52,1
7029,Cold Brew Coffee With Milk Chocolate,26,7
2370,Parmesan & Garlic Kettle Chips,107,19
29931,Protein PLUS Multigrain Elbow Macaroni Pasta,131,9
48896,Organic Black Bean Spaghetti,4,9
25580,Tangy Tart Candy,45,19
1434,Organic Italian Bread Crumbs,5,13
42052,Lavender Hand Sanitizer,109,11
35511,Pure Leaf Extra Sweet Tea,94,7
26531,Tongue Cleaner,20,11
18192,"Gluten Free Granola, Nutty Cranberry Maple, Family Value Size",57,14
27454,Organic Mini Sandwich Crackers Cheddar Cheese,78,19
6350,Fettuccini with Chicken Broccoli,38,1
26771,Light Coffee with Milk Medium Roast Iced Coffee,26,7
4719,"Quinoa & Brown Rice, Garlic and Herb",63,9
21478,Organic Super Natural Granola,83,4
24413,Organic Strawberry Banana Fruit Yogurt Smoothie,92,18
8576,Simply 100 Crunch Blk Cherry,100,21
45034,Extra Large Strawberry Figgies & Jammies Cookies,107,19
833,Hearts Assortment,45,19
2413,Carmel Apple Crisp Twist,120,16
2729,Diced Jalapenos,81,15
45195,Gluten Free Chicken Pot Pie,38,1
4485,Cinnamon Raisin Granola,57,14
12701,Unfrosted Buncha Blueberries Toaster Pastries 6 Count,48,14
27312,Peas 2nd Baby Food,92,18
29442,Hand Soap Lavender,25,11
21386,Smartwater,115,7
16925,Cooking Twine,97,13
7959,Cheese Tortellini Soup,69,15
23519,Seasoned Shredded Beef in Original BBQ Sauce,122,12
27293,Organic French Agen Plums,50,19
27864,Butter Croissant,93,3
13754,Chocolate Espresso High Protein Bar,3,19
30683,Puffins Peanut Butter & Chocolate Cereal,121,14
2246,Hydrate Plus Face Lotion,73,11
24788,Bite Organic Snack Bar Peanut Butter Chocolate Chip,3,19
5911,Hand Soap Lavender & Coconut,25,11
23662,All Natural White Vinegar,19,13
5074,Frozen Five Cheese Ravioli,38,1
37642,Ccnut Raw Cocoaminos,72,13
16382,Natural Smooth Peanut Butter,88,13
36940,Chicken Culinary Stock,69,15
26894,Organic Chocolate Milk,84,16
48468,Shredded Gruyere Cheese,2,16
27797,Simply Cocoa Milk Chocolate,90,7
25221,All Natural Prosciutto Vacuum Pack,96,20
42594,Vanilla Hemp Heart Bar,3,19
43523,Caffe Verona Dark Ground Coffee,26,7
41300,Fresh Waters Freshmatic Ultra Automatic Spray Refill,101,17
13406,Daily Greens Fruit and Vegetable Juice,31,7
18311,Citrus & Ginger Body Wash,127,11
4834,"Garlic, Elephant",83,4
221,Cayenne Lemonade Made With Raw Tristate Honey,31,7
24306,"Flavor Snacks Dog Biscuits, Small for All Dog Sizes",40,8
38844,Oatmeal Raisin Walnut Energy Bar,3,19
8600,Meat Loaf 30% Less Sodium Seasoning Mix,104,13
25637,Birthday Cake Chocolate Sandwich Cookies,61,19
23821,Organic Chili Spicy,59,15
12283,Probiotic Green Coconut Water,70,11
32189,Organic Basil Herb,16,4
